Country,"Density
(P/Km2)",Agricultural Land( %),Land Area(Km2),Armed Forces size,Birth Rate,Co2-Emissions,CPI,CPI Change (%),Fertility Rate,Forested Area (%),Gasoline Price,GDP,Gross primary education enrollment (%),Gross tertiary education enrollment (%),Infant mortality,Life expectancy,Maternal mortality ratio,Minimum wage,Out of pocket health expenditure,Physicians per thousand,Population,Population: Labor force participation (%),Tax revenue (%),Total tax rate,Unemployment rate,Urban_population
Afghanistan,60,58.10%,"6,52,230","3,23,000",32.49,"8,672",149.9,2.30%,4.47,2.10%,$0.70 ,"$19,101,353,833 ",104.00%,9.70%,47.9,64.5,638,$0.43 ,78.40%,0.28,"3,80,41,754",48.90%,9.30%,71.40%,11.12%,"97,97,273"
Albania,105,43.10%,"28,748","9,000",11.78,"4,536",119.05,1.40%,1.62,28.10%,$1.36 ,"$15,278,077,447 ",107.00%,55.00%,7.8,78.5,15,$1.12 ,56.90%,1.2,"28,54,191",55.70%,18.60%,36.60%,12.33%,"17,47,593"
Algeria,18,17.40%,"23,81,741","3,17,000",24.28,"1,50,006",151.36,2.00%,3.02,0.80%,$0.28 ,"$169,988,236,398 ",109.90%,51.40%,20.1,76.7,112,$0.95 ,28.10%,1.72,"4,30,53,054",41.20%,37.20%,66.10%,11.70%,"3,15,10,100"
Andorra,164,40.00%,468,,7.2,469,,,1.27,34.00%,$1.51 ,"$3,154,057,987 ",106.40%,,2.7,,,$6.63 ,36.40%,3.33,"77,142",,,,,"67,873"
Angola,26,47.50%,"12,46,700","1,17,000",40.73,"34,693",261.73,17.10%,5.52,46.30%,$0.97 ,"$94,635,415,870 ",113.50%,9.30%,51.6,60.8,241,$0.71 ,33.40%,0.21,"3,18,25,295",77.50%,9.20%,49.10%,6.89%,"2,10,61,025"
Antigua and Barbuda,223,20.50%,443,0,15.33,557,113.81,1.20%,1.99,22.30%,$0.99 ,"$1,727,759,259 ",105.00%,24.80%,5,76.9,42,$3.04 ,24.30%,2.76,"97,118",,16.50%,43.00%,,"23,800"
Argentina,17,54.30%,"27,80,400","1,05,000",17.02,"2,01,348",232.75,53.50%,2.26,9.80%,$1.10 ,"$449,663,446,954 ",109.70%,90.00%,8.8,76.5,39,$3.35 ,17.60%,3.96,"4,49,38,712",61.30%,10.10%,106.30%,9.79%,"4,13,39,571"
Armenia,104,58.90%,"29,743","49,000",13.99,"5,156",129.18,1.40%,1.76,11.70%,$0.77 ,"$13,672,802,158 ",92.70%,54.60%,11,74.9,26,$0.66 ,81.60%,4.4,"29,57,731",55.60%,20.90%,22.60%,16.99%,"18,69,848"
Australia,3,48.20%,"77,41,220","58,000",12.6,"3,75,908",119.8,1.60%,1.74,16.30%,$0.93 ,"$1,392,680,589,329 ",100.30%,113.10%,3.1,82.7,6,$13.59 ,19.60%,3.68,"2,57,66,605",65.50%,23.00%,47.40%,5.27%,"2,18,44,756"
Austria,109,32.40%,"83,871","21,000",9.7,"61,448",118.06,1.50%,1.47,46.90%,$1.20 ,"$446,314,739,528 ",103.10%,85.10%,2.9,81.6,5,,17.90%,5.17,"88,77,067",60.70%,25.40%,51.40%,4.67%,"51,94,416"
Azerbaijan,123,57.70%,"86,600","82,000",14,"37,620",156.32,2.60%,1.73,14.10%,$0.56 ,"$39,207,000,000 ",99.70%,27.70%,19.2,72.9,26,$0.47 ,78.60%,3.45,"1,00,23,318",66.50%,13.00%,40.70%,5.51%,"56,16,165"
The Bahamas,39,1.40%,"13,880","1,000",13.97,"1,786",116.22,2.50%,1.75,51.40%,$0.92 ,"$12,827,000,000 ",81.40%,15.10%,8.3,73.8,70,$5.25 ,27.80%,1.94,"3,89,482",74.60%,14.80%,33.80%,10.36%,"3,23,784"
Bahrain,"2,239",11.10%,765,"19,000",13.99,"31,694",117.59,2.10%,1.99,0.80%,$0.43 ,"$38,574,069,149 ",99.40%,50.50%,6.1,77.2,14,,25.10%,0.93,"15,01,635",73.40%,4.20%,13.80%,0.71%,"14,67,109"
Bangladesh,"1,265",70.60%,"1,48,460","2,21,000",18.18,"84,246",179.68,5.60%,2.04,11.00%,$1.12 ,"$302,571,254,131 ",116.50%,20.60%,25.1,72.3,173,$0.51 ,71.80%,0.58,"16,73,10,838",59.00%,8.80%,33.40%,4.19%,"6,09,87,417"
Barbados,668,23.30%,430,"1,000",10.65,"1,276",134.09,4.10%,1.62,14.70%,$1.81 ,"$5,209,000,000 ",99.40%,65.40%,11.3,79.1,27,$3.13 ,45.20%,2.48,"2,87,025",65.20%,27.50%,35.60%,10.33%,"89,431"
Belarus,47,42.00%,"2,07,600","1,55,000",9.9,"58,280",,5.60%,1.45,42.60%,$0.60 ,"$63,080,457,023 ",100.50%,87.40%,2.6,74.2,2,$1.49 ,34.50%,5.19,"94,66,856",64.10%,14.70%,53.30%,4.59%,"74,82,982"
Belgium,383,44.60%,"30,528","32,000",10.3,"96,889",117.11,1.40%,1.62,22.60%,$1.43 ,"$529,606,710,418 ",103.90%,79.70%,2.9,81.6,5,$10.31 ,17.60%,3.07,"1,14,84,055",53.60%,24.00%,55.40%,5.59%,"1,12,59,082"
Belize,17,7.00%,"22,966","2,000",20.79,568,105.68,-0.90%,2.31,59.70%,$1.13 ,"$1,879,613,600 ",111.70%,24.70%,11.2,74.5,36,$1.65 ,22.70%,1.12,"3,90,353",65.10%,26.30%,31.10%,6.41%,"1,79,039"
Benin,108,33.30%,"1,12,622","12,000",36.22,"6,476",110.71,-0.90%,4.84,37.80%,$0.72 ,"$14,390,709,095 ",122.00%,12.30%,60.5,61.5,397,$0.39 ,40.50%,0.08,"1,18,01,151",70.90%,10.80%,48.90%,2.23%,"56,48,149"
Bhutan,20,13.60%,"38,394","6,000",17.26,"1,261",167.18,2.70%,1.98,72.50%,$0.98 ,"$2,446,674,101 ",100.10%,15.60%,24.8,71.5,183,$0.32 ,19.80%,0.42,"7,27,145",66.70%,16.00%,35.30%,2.34%,"3,17,538"
Bolivia,11,34.80%,"10,98,581","71,000",21.75,"21,606",148.32,1.80%,2.73,50.30%,$0.71 ,"$40,895,322,865 ",98.20%,,21.8,71.2,155,$1.36 ,25.90%,1.59,"1,15,13,100",71.80%,17.00%,83.70%,3.50%,"80,33,035"
Bosnia and Herzegovina,64,43.10%,"51,197","11,000",8.11,"21,848",104.9,0.60%,1.27,42.70%,$1.05 ,"$20,047,848,435 ",,23.30%,5,77.3,10,$1.04 ,28.60%,2.16,"33,01,000",46.40%,20.40%,23.70%,18.42%,"16,05,144"
Botswana,4,45.60%,"5,81,730","9,000",24.82,"6,340",149.75,2.80%,2.87,18.90%,$0.71 ,"$18,340,510,789 ",103.20%,24.90%,30,69.3,144,$0.29 ,5.30%,0.37,"23,46,179",70.80%,19.50%,25.10%,18.19%,"16,16,550"
Brazil,25,33.90%,"85,15,770","7,30,000",13.92,"4,62,299",167.4,3.70%,1.73,58.90%,$1.02 ,"$1,839,758,040,766 ",115.40%,51.30%,12.8,75.7,60,$1.53 ,28.30%,2.15,"21,25,59,417",63.90%,14.20%,65.10%,12.08%,"18,32,41,641"
Brunei,83,2.70%,"5,765","8,000",14.9,"7,664",99.03,-0.40%,1.85,72.10%,$0.37 ,"$13,469,422,941 ",103.20%,31.40%,9.8,75.7,31,,6.00%,1.61,"4,33,285",64.70%,,8.00%,9.12%,"3,37,711"
Bulgaria,64,46.30%,"1,10,879","31,000",8.9,"41,708",114.42,3.10%,1.56,35.40%,$1.11 ,"$86,000,000,000 ",89.30%,71.00%,5.9,74.9,10,$1.57 ,47.70%,4.03,"69,75,761",55.40%,20.20%,28.30%,4.34%,"52,56,027"
Burkina Faso,76,44.20%,"2,74,200","11,000",37.93,"3,418",106.58,-3.20%,5.19,19.30%,$0.98 ,"$15,745,810,235 ",96.10%,6.50%,49,61.2,320,$0.34 ,36.10%,0.08,"2,03,21,378",66.40%,15.00%,41.30%,6.26%,"60,92,349"
Burundi,463,79.20%,"27,830","31,000",39.01,495,182.11,-0.70%,5.41,10.90%,$1.21 ,"$3,012,334,882 ",121.40%,6.10%,41,61.2,548,,19.10%,0.1,"1,15,30,580",79.20%,13.60%,41.20%,1.43%,"15,41,177"
Ivory Coast,83,64.80%,"3,22,463","27,000",35.74,"9,674",111.61,-0.90%,4.65,32.70%,$0.93 ,"$58,792,205,642 ",99.80%,9.30%,59.4,57.4,617,$0.36 ,36.00%,0.23,"2,57,16,544",57.00%,11.80%,50.10%,3.32%,"1,31,76,900"
Cape Verde,138,19.60%,"4,033","1,000",19.49,543,110.5,1.10%,2.27,22.50%,$1.02 ,"$1,981,845,741 ",104.00%,23.60%,16.7,72.8,58,$0.68 ,23.20%,0.77,"4,83,628",60.50%,20.10%,37.50%,12.25%,"3,64,029"
Cambodia,95,30.90%,"1,81,035","1,91,000",22.46,"9,919",127.63,2.50%,2.5,52.90%,$0.90 ,"$27,089,389,787 ",107.40%,13.70%,24,69.6,160,,59.40%,0.17,"1,64,86,542",82.30%,17.10%,23.10%,0.68%,"39,24,621"
Cameroon,56,20.60%,"4,75,440","24,000",35.39,"8,291",118.65,2.50%,4.57,39.30%,$1.03 ,"$38,760,467,033 ",103.40%,12.80%,50.6,58.9,529,$0.35 ,69.70%,0.09,"2,58,76,380",76.10%,12.80%,57.70%,3.38%,"1,47,41,256"
Canada,4,6.90%,"99,84,670","72,000",10.1,"5,44,894",116.76,1.90%,1.5,38.20%,$0.81 ,"$1,736,425,629,520 ",100.90%,68.90%,4.3,81.9,10,$9.51 ,14.60%,2.61,"3,69,91,981",65.10%,12.80%,24.50%,5.56%,"3,06,28,482"
Central African Republic,8,8.20%,"6,22,984","8,000",35.35,297,186.86,37.10%,4.72,35.60%,$1.41 ,"$2,220,307,369 ",102.00%,3.00%,84.5,52.8,829,$0.37 ,39.60%,0.06,"47,45,185",72.00%,8.60%,73.30%,3.68%,"19,82,064"
Chad,13,39.70%,"12,84,000","35,000",42.17,"1,016",117.7,-1.00%,5.75,3.80%,$0.78 ,"$11,314,951,343 ",86.80%,3.30%,71.4,54,1140,$0.60 ,56.40%,0.04,"1,59,46,876",70.70%,,63.50%,1.89%,"37,12,273"
Chile,26,21.20%,"7,56,096","1,22,000",12.43,"85,822",131.91,2.60%,1.65,24.30%,$1.03 ,"$282,318,159,745 ",101.40%,88.50%,6.2,80,13,$2.00 ,32.20%,2.59,"1,89,52,038",62.60%,18.20%,34.00%,7.09%,"1,66,10,135"
China,153,56.20%,"95,96,960","26,95,000",10.9,"98,93,038",125.08,2.90%,1.69,22.40%,$0.96 ,"$19,910,000,000,000 ",100.20%,50.60%,7.4,77,29,$0.87 ,32.40%,1.98,"1,39,77,15,000",68.00%,9.40%,59.20%,4.32%,"84,29,33,962"
Colombia,46,40.30%,"11,38,910","4,81,000",14.88,"97,814",140.95,3.50%,1.81,52.70%,$0.68 ,"$323,802,808,108 ",114.50%,55.30%,12.2,77.1,83,$1.23 ,18.30%,2.18,"5,03,39,443",68.80%,14.40%,71.20%,9.71%,"4,08,27,302"
Comoros,467,71.50%,"2,235",,31.88,202,103.62,-4.30%,4.21,19.70%,,"$1,185,728,677 ",99.50%,9.00%,51.3,64.1,273,$0.71 ,74.80%,0.27,"8,50,886",43.30%,,219.60%,4.34%,"2,48,152"
Republic of the Congo,16,31.10%,"3,42,000","12,000",32.86,"3,282",124.74,2.20%,4.43,65.40%,$0.97 ,"$10,820,591,131 ",106.60%,12.70%,36.2,64.3,378,$0.88 ,43.80%,0.12,"53,80,508",69.40%,9.00%,54.30%,9.47%,"36,25,010"
Costa Rica,100,34.50%,"51,100","10,000",13.97,"8,023",128.85,2.10%,1.75,54.60%,$0.98 ,"$61,773,944,174 ",113.30%,55.20%,7.6,80.1,27,$1.84 ,21.50%,2.89,"50,47,561",62.10%,13.60%,58.30%,11.85%,"40,41,885"
Croatia,73,27.60%,"56,594","18,000",9,"17,488",109.82,0.80%,1.47,34.40%,$1.26 ,"$60,415,553,039 ",96.50%,67.90%,4,78.1,8,$2.92 ,15.20%,3,"40,67,500",51.20%,22.00%,20.50%,6.93%,"23,28,318"
Cuba,106,59.90%,"1,10,860","76,000",10.17,"28,284",,,1.62,31.30%,$1.40 ,"$100,023,000,000 ",101.90%,41.40%,3.7,78.7,36,$0.05 ,,8.42,"1,13,33,483",53.60%,,,1.64%,"87,39,135"
Cyprus,131,12.20%,"9,251","16,000",10.46,"6,626",102.51,0.30%,1.33,18.70%,$1.23 ,"$24,564,647,935 ",99.30%,75.90%,1.9,80.8,6,,43.90%,1.95,"11,98,575",63.10%,24.50%,22.40%,7.27%,"8,00,708"
Czech Republic,139,45.20%,"78,867","23,000",10.7,"1,02,218",116.48,2.80%,1.69,34.60%,$1.17 ,"$246,489,245,495 ",100.70%,64.10%,2.7,79,3,$3.00 ,14.80%,4.12,"1,06,69,709",60.60%,14.90%,46.10%,1.93%,"78,87,156"
Democratic Republic of the Congo,40,11.60%,"23,44,858","1,34,000",41.18,"2,021",133.85,2.90%,5.92,67.20%,$1.49 ,"$47,319,624,204 ",108.00%,6.60%,68.2,60.4,473,$0.18 ,37.40%,0.07,"8,67,90,567",63.50%,10.70%,50.70%,4.24%,"3,90,95,679"
Denmark,137,62.00%,"43,094","15,000",10.6,"31,786",110.35,0.80%,1.73,14.70%,$1.55 ,"$348,078,018,464 ",101.30%,80.60%,3.6,81,4,,13.70%,4.01,"58,18,553",62.20%,32.40%,23.80%,4.91%,"51,19,978"
Djibouti,43,73.40%,"23,200","13,000",21.47,620,120.25,3.30%,2.73,0.20%,$1.32 ,"$3,318,716,359 ",75.30%,5.30%,49.8,66.6,248,,20.40%,0.22,"9,73,560",60.20%,,37.90%,10.30%,"7,58,549"
Dominica,96,33.30%,751,,12,180,103.87,1.00%,1.9,57.40%,,"$596,033,333 ",114.70%,7.20%,32.9,76.6,,$1.48 ,28.40%,1.08,"71,808",,22.10%,32.60%,,"50,830"
Dominican Republic,225,48.70%,"48,670","71,000",19.51,"25,258",135.5,1.80%,2.35,41.70%,$1.07 ,"$88,941,298,258 ",105.70%,59.90%,24.1,73.9,95,$0.40 ,43.70%,1.56,"1,07,38,958",64.30%,13.00%,48.80%,5.84%,"87,87,475"
Ecuador,71,22.20%,"2,83,561","41,000",19.72,"41,155",124.14,0.30%,2.43,50.20%,$0.61 ,"$107,435,665,000 ",103.30%,44.90%,12.2,76.8,59,$2.46 ,43.70%,2.04,"1,73,73,662",68.00%,,34.40%,3.97%,"1,11,16,711"
Egypt,103,3.80%,"10,01,450","8,36,000",26.38,"2,38,560",288.57,9.20%,3.33,0.10%,$0.40 ,"$303,175,127,598 ",106.30%,35.20%,18.1,71.8,37,,62.00%,0.45,"10,03,88,073",46.40%,12.50%,44.40%,10.76%,"4,28,95,824"
El Salvador,313,76.40%,"21,041","42,000",18.25,"7,169",111.23,0.10%,2.04,12.60%,$0.83 ,"$27,022,640,000 ",94.80%,29.40%,11.8,73.1,46,$0.50 ,27.90%,1.57,"64,53,553",59.10%,18.10%,36.40%,4.11%,"46,94,702"
Equatorial Guinea,50,10.10%,"28,051","1,000",33.24,"5,655",124.35,1.20%,4.51,55.50%,,"$11,026,774,945 ",61.80%,1.90%,62.6,58.4,301,$1.05 ,72.00%,0.4,"13,55,986",62.00%,6.10%,79.40%,6.43%,"9,84,812"
Eritrea,35,75.20%,"1,17,600","2,02,000",30.3,711,,,4.06,14.90%,$2.00 ,"$2,065,001,626 ",68.40%,3.40%,31.3,65.9,480,,52.40%,0.06,"63,33,135",78.40%,,83.70%,5.14%,"11,49,670"
Estonia,31,23.10%,"45,228","6,000",10.9,"16,590",122.14,2.30%,1.59,51.30%,$1.14 ,"$31,386,949,981 ",97.20%,69.60%,2.1,78.2,9,$3.14 ,22.80%,4.48,"13,31,824",63.60%,20.90%,47.80%,5.11%,"9,16,024"
Eswatini,67,,"17,364",,,,,,,,,"$3,791,304,348 ",,,,,,,11.30%,,"10,93,238",,28.60%,,,
Ethiopia,115,36.30%,"11,04,300","1,38,000",32.34,"14,870",143.86,15.80%,4.25,12.50%,$0.75 ,"$96,107,662,398 ",101.00%,8.10%,39.1,66.2,401,,37.80%,0.08,"11,20,78,730",79.60%,7.50%,37.70%,2.08%,"2,37,88,710"
Fiji,49,23.30%,"18,274","4,000",21.28,"2,046",132.3,1.80%,2.77,55.90%,$0.82 ,"$5,535,548,972 ",106.40%,16.10%,21.6,67.3,34,$1.28 ,21.40%,0.84,"8,89,953",57.60%,24.20%,32.10%,4.10%,"5,05,048"
Finland,18,7.50%,"3,38,145","25,000",8.6,"45,871",112.33,1.00%,1.41,73.10%,$1.45 ,"$268,761,201,365 ",100.20%,88.20%,1.4,81.7,3,,19.90%,3.81,"55,20,314",59.10%,20.80%,36.60%,6.59%,"47,16,888"
France,119,52.40%,"6,43,801","3,07,000",11.3,"3,03,276",110.05,1.10%,1.88,31.20%,$1.39 ,"$2,715,518,274,227 ",102.50%,65.60%,3.4,82.5,8,$11.16 ,6.80%,3.27,"6,70,59,887",55.10%,24.20%,60.70%,8.43%,"5,41,23,364"
Gabon,9,20.00%,"2,67,667","7,000",31.61,"5,321",122.19,2.10%,3.97,90.00%,$0.92 ,"$16,657,960,228 ",139.90%,8.30%,32.7,66.2,252,$1.46 ,25.90%,0.68,"21,72,579",52.90%,10.20%,47.10%,20.00%,"19,49,694"
The Gambia,239,59.80%,"11,300","1,000",38.54,532,172.73,7.10%,5.22,48.40%,$1.18 ,"$1,763,819,048 ",98.00%,2.70%,39,61.7,597,$0.13 ,20.30%,0.1,"23,47,706",59.40%,9.40%,48.40%,9.06%,"14,53,958"
Georgia,57,34.50%,"69,700","26,000",13.47,"10,128",133.61,4.90%,2.06,40.60%,$0.76 ,"$17,743,195,770 ",98.60%,63.90%,8.7,73.6,25,$0.05 ,57.30%,7.12,"37,20,382",68.30%,21.70%,9.90%,14.40%,"21,96,476"
Germany,240,47.70%,"3,57,022","1,80,000",9.5,"7,27,973",112.85,1.40%,1.56,32.70%,$1.39 ,"$3,845,630,030,824 ",104.00%,70.20%,3.1,80.9,7,$9.99 ,12.50%,4.25,"8,31,32,799",60.80%,11.50%,48.80%,3.04%,"6,43,24,835"
Ghana,137,69.00%,"2,38,533","16,000",29.41,"16,670",268.36,7.20%,3.87,41.20%,$0.92 ,"$66,983,634,224 ",104.80%,15.70%,34.9,63.8,308,$0.27 ,36.10%,0.14,"3,07,92,608",67.80%,12.60%,55.40%,4.33%,"1,72,49,054"
Greece,81,47.60%,"1,31,957","1,46,000",8.1,"62,434",101.87,0.20%,1.35,31.70%,$1.54 ,"$209,852,761,469 ",99.60%,136.60%,3.6,81.3,3,$4.46 ,35.50%,5.48,"1,07,16,322",51.80%,26.20%,51.90%,17.24%,"85,07,474"
Grenada,331,23.50%,349,,16.47,268,107.43,0.80%,2.06,50.00%,$1.12 ,"$1,228,170,370 ",106.90%,104.60%,13.7,72.4,25,,57.00%,1.41,"1,12,003",,19.40%,47.80%,,"40,765"
Guatemala,167,36.00%,"1,08,889","43,000",24.56,"16,777",142.92,3.70%,2.87,32.70%,$0.79 ,"$76,710,385,880 ",101.90%,21.80%,22.1,74.1,95,$1.60 ,55.80%,0.35,"1,66,04,026",62.30%,10.60%,35.20%,2.46%,"85,40,945"
Guinea,53,59.00%,"2,45,857","13,000",36.36,"2,996",262.95,9.50%,4.7,25.80%,$0.90 ,"$13,590,281,809 ",91.50%,11.60%,64.9,61.2,576,,54.50%,0.08,"1,27,71,246",61.50%,10.80%,69.30%,4.30%,"46,61,505"
Guinea-Bissau,70,58.00%,"36,125","4,000",35.13,293,111.65,1.40%,4.48,69.80%,,"$1,340,389,411 ",118.70%,2.60%,54,58,667,$0.16 ,37.20%,0.13,"19,20,922",72.00%,10.30%,45.50%,2.47%,"8,40,922"
Guyana,4,8.60%,"2,14,969","3,000",19.97,"2,384",116.19,2.10%,2.46,83.90%,$0.90 ,"$4,280,443,645 ",97.80%,11.60%,25.1,69.8,169,$0.98 ,40.50%,0.8,"7,82,766",56.20%,,30.60%,11.85%,"2,08,912"
Haiti,414,66.80%,"27,750",0,24.35,"2,978",179.29,12.50%,2.94,3.50%,$0.81 ,"$8,498,981,821 ",113.60%,1.10%,49.5,63.7,480,$0.25 ,36.30%,0.23,"1,12,63,077",67.20%,,42.70%,13.78%,"63,28,948"
Honduras,89,28.90%,"1,12,090","23,000",21.6,"9,813",150.34,4.40%,2.46,40.00%,$0.98 ,"$25,095,395,475 ",91.50%,26.20%,15.1,75.1,65,$1.01 ,49.10%,0.31,"97,46,117",68.80%,17.30%,39.10%,5.39%,"56,26,433"
Hungary,107,58.40%,"93,028","40,000",9.6,"45,537",121.64,3.30%,1.54,22.90%,$1.18 ,"$160,967,157,504 ",100.80%,48.50%,3.6,75.8,12,$2.62 ,29.00%,3.41,"97,69,949",56.50%,23.00%,37.90%,3.40%,"69,99,582"
Iceland,3,18.70%,"1,03,000",0,12,"2,065",129,3.00%,1.71,0.50%,$1.69 ,"$24,188,035,739 ",100.40%,71.80%,1.5,82.7,4,,17.00%,4.08,"3,61,313",75.00%,23.30%,31.90%,2.84%,"3,39,110"
India,464,60.40%,"32,87,263","30,31,000",17.86,"24,07,672",180.44,7.70%,2.22,23.80%,$0.97 ,"$2,611,000,000,000 ",113.00%,28.10%,29.9,69.4,145,$0.30 ,65.10%,0.86,"1,36,64,17,754",49.30%,11.20%,49.70%,5.36%,"47,10,31,528"
Indonesia,151,31.50%,"19,04,569","6,76,000",18.07,"5,63,325",151.18,3.00%,2.31,49.90%,$0.63 ,"$1,119,190,780,753 ",106.40%,36.30%,21.1,71.5,177,$0.48 ,48.30%,0.43,"27,02,03,917",67.50%,10.20%,30.10%,4.69%,"15,15,09,724"
Iran,52,28.20%,"16,48,195","5,63,000",18.78,"6,61,710",550.93,39.90%,2.14,6.60%,$0.40 ,"$445,345,282,123 ",110.70%,68.10%,12.4,76.5,16,$1.58 ,39.70%,1.58,"8,29,13,906",44.70%,7.40%,44.70%,11.38%,"6,25,09,623"
Iraq,93,21.40%,"4,38,317","2,09,000",29.08,"1,90,061",119.86,0.40%,3.67,1.90%,$0.61 ,"$234,094,042,939 ",108.70%,16.20%,22.5,70.5,79,$1.24 ,76.50%,0.71,"3,93,09,783",43.00%,2.00%,30.80%,12.82%,"2,77,83,368"
Republic of Ireland,72,64.50%,"70,273","9,000",12.5,"37,711",106.58,0.90%,1.75,11.00%,$1.37 ,"$388,698,711,348 ",100.90%,77.80%,3.1,82.3,5,$10.79 ,15.20%,3.31,"50,07,069",62.10%,18.30%,26.10%,4.93%,"31,33,123"
Israel,400,24.60%,"20,770","1,78,000",20.8,"65,166",108.15,0.80%,3.09,7.70%,$1.57 ,"$395,098,666,122 ",104.90%,63.40%,3,82.8,3,$7.58 ,24.40%,4.62,"90,53,300",64.00%,23.10%,25.30%,3.86%,"83,74,393"
Italy,206,43.20%,"3,01,340","3,47,000",7.3,"3,20,411",110.62,0.60%,1.29,31.80%,$1.61 ,"$2,001,244,392,042 ",101.90%,61.90%,2.6,82.9,2,,22.80%,3.98,"6,02,97,396",49.60%,24.30%,59.10%,9.89%,"4,26,51,966"
Jamaica,273,41.00%,"10,991","4,000",16.1,"8,225",162.47,3.90%,1.98,30.90%,$1.11 ,"$16,458,071,068 ",91.00%,27.10%,12.4,74.4,80,$1.33 ,23.70%,1.31,"29,48,279",66.00%,26.80%,35.10%,8.00%,"16,50,594"
Japan,347,12.30%,"3,77,944","2,61,000",7.4,"11,35,886",105.48,0.50%,1.42,68.50%,$1.06 ,"$5,081,769,542,380 ",98.80%,63.20%,1.8,84.2,5,$6.77 ,13.10%,2.41,"12,62,26,568",61.70%,11.90%,46.70%,2.29%,"11,57,82,416"
Jordan,115,12.00%,"89,342","1,16,000",21.98,"25,108",125.6,0.80%,2.76,1.10%,$1.10 ,"$43,743,661,972 ",81.50%,34.40%,13.9,74.4,46,$1.49 ,25.10%,2.32,"1,01,01,694",39.30%,15.10%,28.60%,14.72%,"92,13,048"
Kazakhstan,7,80.40%,"27,24,900","71,000",21.77,"2,47,207",182.75,5.20%,2.84,1.20%,$0.42 ,"$180,161,741,180 ",104.40%,61.70%,8.8,73.2,10,$0.41 ,38.80%,3.25,"1,85,13,930",68.80%,11.70%,28.40%,4.59%,"1,06,52,915"
Kenya,94,48.50%,"5,80,367","29,000",28.75,"17,910",180.51,4.70%,3.49,7.80%,$0.95 ,"$95,503,088,538 ",103.20%,11.50%,30.6,66.3,342,$0.25 ,33.40%,0.16,"5,25,73,973",74.70%,15.10%,37.20%,2.64%,"1,44,61,523"
Kiribati,147,42.00%,811,,27.89,66,99.55,0.60%,3.57,15.00%,,"$194,647,202 ",101.30%,,41.2,68.1,92,,0.20%,0.2,"1,17,606",,22.00%,32.70%,,"64,489"
Kuwait,240,8.40%,"17,818","25,000",13.94,"98,734",126.6,1.10%,2.08,0.40%,$0.35 ,"$134,761,198,946 ",92.40%,54.40%,6.7,75.4,12,$0.95 ,14.40%,2.58,"42,07,083",73.50%,1.40%,13.00%,2.18%,"42,07,083"
Kyrgyzstan,34,55.00%,"1,99,951","21,000",27.1,"9,787",155.68,1.10%,3.3,3.30%,$0.56 ,"$8,454,619,608 ",107.60%,41.30%,16.9,71.4,60,$0.09 ,48.20%,1.88,"64,56,900",59.80%,18.00%,29.00%,6.33%,"23,62,644"
Laos,32,10.30%,"2,36,800","1,29,000",23.55,"17,763",135.87,3.30%,2.67,82.10%,$0.93 ,"$18,173,839,128 ",102.40%,15.00%,37.6,67.6,185,$0.83 ,45.40%,0.37,"71,69,455",78.50%,12.90%,24.10%,0.63%,"25,55,552"
Latvia,30,31.10%,"64,589","6,000",10,"7,004",116.86,2.80%,1.6,54.00%,$1.16 ,"$34,117,202,555 ",99.40%,88.10%,3.3,74.7,19,$2.80 ,41.60%,3.19,"19,12,789",61.40%,22.90%,38.10%,6.52%,"13,04,943"
Lebanon,667,64.30%,"10,400","80,000",17.55,"24,796",130.02,3.00%,2.09,13.40%,$0.74 ,"$53,367,042,272 ",95.10%,26.30%,6.4,78.9,29,$2.15 ,32.10%,2.1,"68,55,713",47.00%,15.30%,32.20%,6.23%,"60,84,994"
Lesotho,71,77.60%,"30,355","2,000",26.81,"2,512",155.86,5.20%,3.14,1.60%,$0.70 ,"$2,460,072,444 ",120.90%,10.20%,65.7,53.7,544,$0.41 ,16.90%,0.07,"21,25,268",67.90%,31.60%,13.60%,23.41%,"6,07,508"
Liberia,53,28.00%,"1,11,369","2,000",33.04,"1,386",223.13,23.60%,4.32,43.10%,$0.80 ,"$3,070,518,100 ",85.10%,11.90%,53.5,63.7,661,$0.17 ,19.60%,0.04,"49,37,374",76.30%,12.90%,46.20%,2.81%,"25,48,426"
Libya,4,8.70%,"17,59,540",0,18.83,"50,564",125.71,2.60%,2.24,0.10%,$0.11 ,"$52,076,250,948 ",109.00%,60.50%,10.2,72.7,72,$1.88 ,36.70%,2.09,"67,77,452",49.70%,,32.60%,18.56%,"54,48,597"
Liechtenstein,238,32.20%,160,,9.9,51,,,1.44,43.10%,$1.74 ,"$6,552,858,739 ",104.70%,35.60%,,83,,,,,"38,019",,,21.60%,,"5,464"
Lithuania,43,47.20%,"65,300","34,000",10,"12,963",118.38,2.30%,1.63,34.80%,$1.16 ,"$54,219,315,600 ",103.90%,72.40%,3.3,75.7,8,$2.41 ,32.10%,6.35,"27,86,844",61.60%,16.90%,42.60%,6.35%,"18,91,013"
Luxembourg,242,53.70%,"2,586","2,000",10.3,"8,988",115.09,1.70%,1.37,35.70%,$1.19 ,"$71,104,919,108 ",102.30%,19.20%,1.9,82.1,5,$13.05 ,10.60%,3.01,"6,45,397",59.30%,26.50%,20.40%,5.36%,"5,65,488"
Madagascar,48,71.20%,"5,87,041","22,000",32.66,"3,905",184.33,5.60%,4.08,21.40%,$1.11 ,"$14,083,906,357 ",142.50%,5.40%,38.2,66.7,335,$0.21 ,21.70%,0.18,"2,69,69,307",86.10%,10.20%,38.30%,1.76%,"1,02,10,849"
Malawi,203,61.40%,"1,18,484","15,000",34.12,"1,298",418.34,9.40%,4.21,33.20%,$1.15 ,"$7,666,704,427 ",142.50%,0.80%,35.3,63.8,349,$0.12 ,11.00%,0.04,"1,86,28,747",76.70%,17.30%,34.50%,5.65%,"31,99,301"
Malaysia,99,26.30%,"3,29,847","1,36,000",16.75,"2,48,289",121.46,0.70%,2,67.60%,$0.45 ,"$364,701,517,788 ",105.30%,45.10%,6.7,76,29,$0.93 ,36.70%,1.51,"3,24,47,385",64.30%,12.00%,38.70%,3.32%,"2,44,75,766"
Maldives,"1,802",26.30%,298,"5,000",14.2,"1,445",99.7,0.20%,1.87,3.30%,$1.63 ,"$5,729,248,472 ",97.10%,31.20%,7.4,78.6,53,,16.40%,4.56,"5,30,953",69.80%,19.50%,30.20%,6.14%,"2,13,645"
Mali,17,33.80%,"12,40,192","18,000",41.54,"3,179",108.73,-1.70%,5.88,3.80%,$1.12 ,"$17,510,141,171 ",75.60%,4.50%,62,58.9,562,$0.23 ,46.30%,0.13,"1,96,58,031",70.80%,11.60%,54.50%,7.22%,"84,79,688"
Malta,"1,380",32.40%,316,"2,000",9.2,"1,342",113.45,1.60%,1.23,1.10%,$1.36 ,"$14,786,156,563 ",105.00%,54.30%,6.1,82.3,6,$5.07 ,37.10%,2.86,"5,02,653",56.50%,26.20%,44.00%,3.47%,"4,75,902"
Marshall Islands,329,63.90%,181,,29.03,143,,,4.05,70.20%,$1.44 ,"$221,278,000 ",84.70%,23.70%,27.4,65.2,,$2.00 ,10.00%,0.42,"58,791",,17.80%,65.90%,,"45,514"
Mauritania,5,38.50%,"10,30,700","21,000",33.69,"2,739",135.02,2.30%,4.56,0.20%,$1.13 ,"$7,593,752,450 ",99.90%,5.00%,51.5,64.7,766,$0.53 ,48.20%,0.19,"45,25,696",45.90%,,67.00%,9.55%,"24,66,821"
Mauritius,626,42.40%,"2,040","3,000",10.2,"4,349",129.91,0.40%,1.41,19.00%,$1.12 ,"$14,180,444,557 ",101.10%,40.60%,13.6,74.4,61,$0.38 ,50.70%,2.53,"12,65,711",58.30%,19.10%,22.20%,6.67%,"5,15,980"
Mexico,66,54.60%,"19,64,375","3,36,000",17.6,"4,86,406",141.54,3.60%,2.13,33.90%,$0.73 ,"$1,258,286,717,125 ",105.80%,40.20%,11,75,33,$0.49 ,41.40%,2.38,"12,60,14,024",60.70%,13.10%,55.10%,3.42%,"10,26,26,859"
Federated States of Micronesia,784,31.40%,702,,22.82,143,112.1,0.50%,3.05,91.90%,,"$401,932,279 ",97.20%,14.10%,25.6,67.8,88,,2.50%,0.18,"1,13,815",,25.20%,60.50%,,"25,963"
Moldova,123,74.20%,"33,851","7,000",10.1,"5,115",166.2,4.80%,1.26,12.60%,$0.80 ,"$11,955,435,457 ",90.60%,39.80%,13.6,71.8,19,$0.31 ,46.20%,3.21,"26,57,637",43.10%,17.70%,38.70%,5.47%,"11,35,502"
Monaco,"26,337",,2,,5.9,,,,,,$2.00 ,"$7,184,844,193 ",,,2.6,,,$11.72 ,6.10%,6.56,"38,964",,,,,"38,964"
Mongolia,2,71.50%,"15,64,116","18,000",24.13,"25,368",195.76,7.30%,2.9,8.00%,$0.72 ,"$13,852,850,259 ",104.00%,65.60%,14,69.7,45,$0.65 ,39.30%,2.86,"32,25,167",59.70%,16.80%,25.70%,6.01%,"22,10,626"
Montenegro,47,19.00%,"13,812","12,000",11.73,"2,017",116.32,2.60%,1.75,61.50%,$1.16 ,"$5,494,736,901 ",100.00%,56.10%,2.3,76.8,6,$1.23 ,31.80%,2.76,"6,22,137",54.40%,,22.20%,14.88%,"4,17,765"
Morocco,83,68.50%,"4,46,550","2,46,000",18.94,"61,276",111.07,0.20%,2.42,12.60%,$0.99 ,"$118,725,279,596 ",113.90%,35.90%,19.2,76.5,70,$1.60 ,53.10%,0.73,"3,69,10,560",45.30%,21.90%,45.80%,9.02%,"2,29,75,026"
Mozambique,40,63.50%,"7,99,380","11,000",37.52,"7,943",182.31,2.80%,4.85,48.00%,$0.65 ,"$14,934,159,926 ",112.60%,7.30%,54,60.2,289,$0.27 ,6.80%,0.08,"3,03,66,036",78.10%,0.00%,36.10%,3.24%,"1,10,92,106"
Myanmar,83,19.50%,"6,76,578","5,13,000",17.55,"25,280",168.18,8.80%,2.15,43.60%,$0.54 ,"$76,085,852,617 ",112.30%,18.80%,36.8,66.9,250,$0.39 ,73.90%,0.68,"5,40,45,420",61.70%,5.40%,31.20%,1.58%,"1,66,74,093"
Namibia,3,47.10%,"8,24,292","16,000",28.64,"4,228",157.97,3.70%,3.4,8.30%,$0.76 ,"$12,366,527,719 ",124.20%,22.90%,29,63.4,195,,8.30%,0.42,"24,94,530",59.50%,27.10%,20.70%,20.27%,"12,73,258"
Nauru,541,,21,,,,,,,,,"$133,000,000 ",,,,,,,,,"10,084",,,,,
Nepal,203,28.70%,"1,47,181","1,12,000",19.89,"9,105",188.73,5.60%,1.92,25.40%,$0.91 ,"$30,641,380,604 ",142.10%,12.40%,26.7,70.5,186,$0.36 ,60.40%,0.75,"2,86,08,710",83.80%,20.70%,41.80%,1.41%,"57,65,513"
Netherlands,508,53.30%,"41,543","41,000",9.7,"1,70,780",115.91,2.60%,1.59,11.20%,$1.68 ,"$909,070,395,161 ",104.20%,85.00%,3.3,81.8,5,$10.29 ,12.30%,3.61,"1,73,32,850",63.60%,23.00%,41.20%,3.20%,"1,59,24,729"
New Zealand,18,40.50%,"2,68,838","9,000",11.98,"34,382",114.24,1.60%,1.71,38.60%,$1.40 ,"$206,928,765,544 ",100.00%,82.00%,4.7,81.9,9,$11.49 ,12.60%,3.59,"48,41,000",69.90%,29.00%,34.60%,4.07%,"42,58,860"
Nicaragua,55,42.10%,"1,30,370","12,000",20.64,"5,592",162.74,5.40%,2.4,25.90%,$0.91 ,"$12,520,915,291 ",120.60%,17.40%,15.7,74.3,98,$0.54 ,36.00%,0.98,"65,45,502",66.40%,15.60%,60.60%,6.84%,"38,46,137"
Niger,19,36.10%,"12,67,000","10,000",46.08,"2,017",109.32,-2.50%,6.91,0.90%,$0.88 ,"$12,928,145,120 ",74.70%,4.40%,48,62,509,$0.29 ,52.30%,0.04,"2,33,10,715",72.00%,11.80%,47.20%,0.47%,"38,50,231"
Nigeria,226,77.70%,"9,23,768","2,15,000",37.91,"1,20,369",267.51,11.40%,5.39,7.20%,$0.46 ,"$448,120,428,859 ",84.70%,10.20%,75.7,54.3,917,$0.54 ,72.20%,0.38,"20,09,63,599",52.90%,1.50%,34.80%,8.10%,"10,28,06,948"
North Korea,214,21.80%,"1,20,538","14,69,000",13.89,"28,284",,,1.9,40.70%,$0.58 ,"$32,100,000,000 ",112.80%,27.00%,13.7,72.1,89,,,3.67,"2,56,66,161",80.40%,,,2.74%,"1,59,47,412"
North Macedonia,83,,"25,713",,,,,,,,,"$10,220,781,069 ",,,,,,,35.60%,,"18,36,713",,,,,
Norway,15,2.70%,"3,23,802","23,000",10.4,"41,023",120.27,2.20%,1.56,33.20%,$1.78 ,"$403,336,363,636 ",100.30%,82.00%,2.1,82.8,2,,14.30%,2.92,"53,47,896",63.80%,23.90%,36.20%,3.35%,"44,18,218"
Oman,16,4.60%,"3,09,500","47,000",19.19,"63,457",113.53,0.10%,2.89,0.00%,$0.45 ,"$76,983,094,928 ",103.40%,38.00%,9.8,77.6,19,$4.33 ,6.40%,2,"52,66,535",72.40%,2.50%,27.40%,2.67%,"42,50,777"
Pakistan,287,47.80%,"7,96,095","9,36,000",28.25,"2,01,150",182.32,10.60%,3.51,1.90%,$0.79 ,"$304,400,000,000 ",94.30%,9.00%,57.2,67.1,140,$0.69 ,66.50%,0.98,"21,65,65,318",52.60%,9.20%,33.90%,4.45%,"7,99,27,762"
Palau,39,10.90%,459,,14,224,118.17,1.30%,2.21,87.60%,,"$283,994,900 ",112.60%,54.70%,16.6,69.1,,$3.00 ,21.80%,1.18,"18,233",,21.30%,76.60%,,"14,491"
Palestinian National Authority,847,,,,,,,,,,,,,,,,,,,,,,,,,
Panama,58,30.40%,"75,420","26,000",18.98,"10,715",122.07,-0.40%,2.46,61.90%,$0.74 ,"$66,800,800,000 ",94.40%,47.80%,13.1,78.3,52,$1.53 ,30.50%,1.57,"42,46,439",66.60%,,37.20%,3.90%,"28,90,084"
Papua New Guinea,20,2.60%,"4,62,840","4,000",27.07,"7,536",155.99,3.60%,3.56,74.10%,$1.36 ,"$24,969,611,435 ",108.50%,1.80%,38,64.3,145,$1.16 ,5.80%,0.07,"87,76,109",47.20%,13.60%,37.10%,2.46%,"11,62,834"
Paraguay,18,55.10%,"4,06,752","27,000",20.57,"7,407",143.82,2.80%,2.43,37.70%,$1.04 ,"$38,145,288,940 ",104.40%,34.60%,17.2,74.1,129,$1.55 ,36.50%,1.35,"70,44,636",72.10%,10.00%,35.00%,4.81%,"43,59,150"
Peru,26,18.50%,"12,85,216","1,58,000",17.95,"57,414",129.78,2.10%,2.25,57.70%,$0.99 ,"$226,848,050,820 ",106.90%,70.70%,11.1,76.5,88,$1.28 ,30.90%,1.27,"3,25,10,453",77.60%,14.30%,36.80%,3.31%,"2,53,90,339"
Philippines,368,41.70%,"3,00,000","1,53,000",20.55,"1,22,287",129.61,2.50%,2.58,27.80%,$0.86 ,"$376,795,508,680 ",107.50%,35.50%,22.5,71.1,121,$1.12 ,53.50%,0.6,"10,81,16,615",59.60%,14.00%,43.10%,2.15%,"5,09,75,903"
Poland,124,46.90%,"3,12,685","1,91,000",10.2,"2,99,037",114.11,2.20%,1.46,30.90%,$1.07 ,"$592,164,400,688 ",100.00%,67.80%,3.8,77.6,2,$2.93 ,23.20%,2.38,"3,79,70,874",56.70%,17.40%,40.80%,3.47%,"2,27,96,574"
Portugal,111,39.50%,"92,212","52,000",8.5,"48,742",110.62,0.30%,1.38,34.60%,$1.54 ,"$237,686,075,635 ",106.20%,63.90%,3.1,81.3,8,$3.78 ,27.70%,5.12,"1,02,69,417",58.80%,22.80%,39.80%,6.33%,"67,53,579"
Qatar,248,5.80%,"11,586","22,000",9.54,"1,03,259",115.38,-0.70%,1.87,0.00%,$0.40 ,"$183,466,208,791 ",103.80%,17.90%,5.8,80.1,9,,6.20%,2.49,"28,32,067",86.80%,14.70%,11.30%,0.09%,"28,09,071"
Romania,84,58.80%,"2,38,391","1,26,000",9.6,"69,259",123.78,3.80%,1.71,30.10%,$1.16 ,"$250,077,444,017 ",85.20%,49.40%,6.1,75.4,19,$2.25 ,21.30%,2.98,"1,93,56,544",54.70%,14.60%,20.00%,3.98%,"1,04,68,793"
Russia,9,13.30%,"1,70,98,240","14,54,000",11.5,"17,32,027",180.75,4.50%,1.57,49.80%,$0.59 ,"$1,699,876,578,871 ",102.60%,81.90%,6.1,72.7,17,$0.53 ,36.40%,4.01,"14,43,73,535",61.80%,11.40%,46.20%,4.59%,"10,76,83,889"
Rwanda,525,73.40%,"26,338","35,000",31.7,"1,115",151.09,3.40%,4.04,19.70%,$1.17 ,"$10,122,472,590 ",133.00%,6.70%,27,68.7,248,,26.00%,0.13,"1,26,26,950",83.70%,14.30%,33.20%,1.03%,"21,86,104"
Saint Kitts and Nevis,205,23.10%,261,,12.6,238,104.57,-1.00%,2.11,42.30%,,"$1,050,992,593 ",108.70%,86.70%,9.8,71.3,,$3.33 ,56.60%,2.52,"52,823",,18.50%,49.70%,,"16,269"
Saint Lucia,301,17.40%,616,,12,414,110.13,1.90%,1.44,33.20%,$1.30 ,"$2,122,450,630 ",102.60%,14.10%,14.9,76.1,117,,48.40%,0.64,"1,82,790",67.10%,18.20%,34.70%,20.71%,"34,280"
Saint Vincent and the Grenadines,284,25.60%,389,,14.24,220,109.67,2.30%,1.89,69.20%,,"$825,385,185 ",113.40%,23.70%,14.8,72.4,68,$1.16 ,21.40%,0.66,"1,00,455",65.90%,25.40%,37.00%,18.88%,"58,185"
Samoa,70,12.40%,"2,831",,24.38,246,117.56,1.00%,3.88,60.40%,$0.91 ,"$850,655,017 ",110.50%,7.60%,13.6,73.2,43,$0.78 ,11.50%,0.34,"2,02,506",43.70%,25.50%,19.30%,8.36%,"35,588"
San Marino,566,16.70%,61,,6.8,,110.63,1.00%,1.26,0.00%,,"$1,637,931,034 ",108.10%,42.50%,1.7,85.4,,,18.30%,6.11,"33,860",,18.10%,36.20%,,"32,969"
Saudi Arabia,16,80.80%,"21,49,690","2,52,000",17.8,"5,63,449",118.4,-1.20%,2.32,0.50%,$0.24 ,"$792,966,838,162 ",99.80%,68.00%,6,75,17,$3.85 ,15.00%,2.61,"3,42,68,528",55.90%,8.90%,15.70%,5.93%,"2,88,07,838"
Senegal,87,46.10%,"1,96,722","19,000",34.52,"10,902",109.25,1.80%,4.63,42.80%,$1.14 ,"$23,578,084,052 ",81.00%,12.80%,31.8,67.7,315,$0.31 ,44.20%,0.07,"1,62,96,364",45.70%,16.30%,44.80%,6.60%,"77,65,706"
Serbia,100,39.30%,"77,474","32,000",9.2,"45,221",144,1.80%,1.49,31.10%,$1.16 ,"$51,409,167,351 ",100.30%,67.20%,4.8,75.5,12,$1.57 ,40.60%,3.11,"69,44,975",54.90%,18.60%,36.60%,12.69%,"39,07,243"
Seychelles,214,3.40%,455,0,17.1,605,129.96,1.80%,2.41,88.40%,,"$1,698,843,063 ",100.40%,17.10%,12.4,72.8,53,$2.00 ,2.50%,0.95,"97,625",,34.10%,30.10%,,"55,762"
Sierra Leone,111,54.70%,"71,740","9,000",33.41,"1,093",234.16,14.80%,4.26,43.10%,$1.08 ,"$3,941,474,311 ",112.80%,2.00%,78.5,54.3,1120,$0.57 ,38.20%,0.03,"78,13,215",57.90%,8.60%,30.70%,4.43%,"33,19,366"
Singapore,"8,358",0.90%,716,"81,000",8.8,"37,535",114.41,0.60%,1.14,23.10%,$1.25 ,"$372,062,527,489 ",100.60%,84.80%,2.3,83.1,8,,36.70%,2.29,"57,03,569",70.50%,13.10%,21.00%,4.11%,"57,03,569"
Slovakia,114,39.20%,"49,035","16,000",10.6,"32,424",115.34,2.70%,1.52,40.40%,$1.32 ,"$105,422,304,976 ",98.70%,46.60%,4.6,77.2,5,$3.11 ,18.40%,3.42,"54,54,073",59.50%,18.70%,49.70%,5.56%,"29,30,419"
Slovenia,103,30.70%,"20,273","7,000",9.4,"12,633",111.05,1.60%,1.6,62.00%,$1.32 ,"$53,742,159,517 ",100.40%,78.60%,1.7,81,7,$5.25 ,12.50%,3.09,"20,87,946",58.40%,18.60%,31.00%,4.20%,"11,44,654"
Solomon Islands,25,3.90%,"28,896",,32.44,169,133.06,1.60%,4.4,77.90%,,"$1,425,074,226 ",106.20%,,17.1,72.8,104,$0.40 ,3.30%,0.19,"6,69,823",83.80%,29.50%,32.00%,0.58%,"1,62,164"
Somalia,25,70.30%,"6,37,657","20,000",41.75,645,,,6.07,10.00%,$1.41 ,"$4,720,727,278 ",23.40%,2.50%,76.6,57.1,829,,,0.02,"1,54,42,905",47.40%,0.00%,,11.35%,"70,34,861"
South Africa,49,79.80%,"12,19,090","80,000",20.51,"4,76,644",158.93,4.10%,2.41,7.60%,$0.92 ,"$351,431,649,241 ",100.90%,22.40%,28.5,63.9,119,,7.70%,0.91,"5,85,58,270",56.00%,27.50%,29.20%,28.18%,"3,91,49,717"
South Korea,527,17.40%,"99,720","6,34,000",6.4,"6,20,302",115.16,0.40%,0.98,63.40%,$1.22 ,"$2,029,000,000,000 ",98.10%,94.30%,2.7,82.6,11,$6.49 ,36.80%,2.36,"5,17,09,098",63.00%,15.60%,33.20%,4.15%,"4,21,06,719"
South Sudan,18,,"6,44,329","1,85,000",35.01,"1,727","4,583.71",187.90%,4.7,,$0.28 ,"$11,997,800,751 ",73.00%,,63.7,57.6,1150,,61.30%,,"1,10,62,113",72.40%,,31.40%,12.24%,"22,01,250"
Spain,94,52.60%,"5,05,370","1,96,000",7.9,"2,44,002",110.96,0.70%,1.26,36.90%,$1.26 ,"$1,394,116,310,769 ",102.70%,88.90%,2.5,83.3,4,$5.60 ,24.20%,3.87,"4,70,76,781",57.50%,14.20%,47.00%,13.96%,"3,79,27,409"
Sri Lanka,341,43.70%,"65,610","3,17,000",15.83,"23,362",155.53,3.50%,2.2,32.90%,$0.88 ,"$84,008,783,756 ",100.20%,19.60%,6.4,76.8,36,$0.35 ,38.40%,1,"2,18,03,000",53.90%,11.90%,55.20%,4.20%,"40,52,088"
Sudan,25,28.70%,"18,61,484","1,24,000",32.18,"20,000","1,344.19",51.00%,4.41,8.10%,$0.95 ,"$18,902,284,476 ",76.80%,16.90%,42.1,65.1,295,$0.41 ,63.20%,0.26,"4,28,13,238",48.40%,8.00%,45.40%,16.53%,"1,49,57,233"
Suriname,4,0.60%,"1,63,820","2,000",18.54,"1,738",294.66,22.00%,2.42,98.30%,$1.29 ,"$3,985,250,737 ",108.80%,12.60%,16.9,71.6,120,,10.10%,1.21,"5,81,372",51.10%,19.50%,27.90%,7.33%,"3,84,258"
Sweden,25,7.40%,"4,50,295","30,000",11.4,"43,252",110.51,1.80%,1.76,68.90%,$1.42 ,"$530,832,908,738 ",126.60%,67.00%,2.2,82.5,4,,15.20%,3.98,"1,02,85,453",64.60%,27.90%,49.10%,6.48%,"90,21,165"
Switzerland,219,38.40%,"41,277","21,000",10,"34,477",99.55,0.40%,1.52,31.80%,$1.45 ,"$703,082,435,360 ",105.20%,59.60%,3.7,83.6,5,,28.30%,4.3,"85,74,832",68.30%,10.10%,28.80%,4.58%,"63,32,428"
Syria,95,75.80%,"1,85,180","2,39,000",23.69,"28,830",143.2,36.70%,2.81,2.70%,$0.83 ,"$40,405,006,007 ",81.70%,40.10%,14,71.8,31,$1.02 ,53.70%,1.22,"1,70,70,135",44.10%,14.20%,42.70%,8.37%,"93,58,019"
Tajikistan,68,34.10%,"1,44,100","17,000",30.76,"5,310",148.57,6.00%,3.59,3.00%,$0.71 ,"$8,116,626,794 ",100.90%,31.30%,30.4,70.9,17,$0.23 ,63.10%,1.7,"93,21,018",42.00%,9.80%,67.30%,11.02%,"25,45,477"
Tanzania,67,44.80%,"9,47,300","28,000",36.7,"11,973",187.43,3.50%,4.89,51.60%,$0.87 ,"$63,177,068,175 ",94.20%,4.00%,37.6,65,524,$0.09 ,26.10%,0.01,"5,80,05,463",83.40%,11.50%,43.80%,1.98%,"2,00,11,885"
Thailand,137,43.30%,"5,13,120","4,55,000",10.34,"2,83,763",113.27,0.70%,1.53,32.20%,$0.71 ,"$543,649,976,166 ",99.80%,49.30%,7.8,76.9,37,$1.06 ,11.80%,0.81,"6,96,25,582",67.30%,14.90%,29.50%,0.75%,"3,52,94,600"
East Timor,89,25.60%,"14,874","2,000",29.42,495,145.38,2.60%,4.02,45.40%,$1.10 ,"$1,673,540,300 ",115.30%,17.80%,39.3,69.3,142,$0.60 ,10.20%,0.72,"35,00,000",67.30%,25.00%,17.30%,4.55%,"4,00,182"
Togo,152,70.20%,"56,785","10,000",33.11,"3,000",113.3,0.70%,4.32,3.10%,$0.71 ,"$5,459,979,417 ",123.80%,14.50%,47.4,60.8,396,$0.34 ,51.00%,0.08,"80,82,366",77.60%,16.90%,48.20%,2.04%,"34,14,638"
Tonga,147,45.80%,747,,24.3,128,121.09,7.40%,3.56,12.50%,,"$450,353,314 ",116.30%,6.40%,13.4,70.8,52,,10.20%,0.52,"1,00,209",59.80%,22.30%,27.50%,1.12%,"24,145"
Trinidad and Tobago,273,10.50%,"5,128","4,000",12.94,"43,868",141.75,1.00%,1.73,46.00%,$0.54 ,"$24,100,202,834 ",106.20%,12.00%,16.4,73.4,67,$2.25 ,37.30%,4.17,"13,94,973",60.00%,19.50%,40.50%,2.69%,"7,41,944"
Tunisia,76,64.80%,"1,63,610","48,000",17.56,"29,937",155.33,6.70%,2.2,6.80%,$0.73 ,"$38,797,709,924 ",115.40%,31.70%,14.6,76.5,43,$0.47 ,39.80%,1.3,"1,16,94,719",46.10%,21.10%,60.70%,16.02%,"80,99,061"
Turkey,110,49.80%,"7,83,562","5,12,000",16.03,"3,72,725",234.44,15.20%,2.07,15.40%,$1.42 ,"$754,411,708,203 ",93.20%,23.90%,9.1,77.4,17,$3.45 ,16.90%,1.85,"8,34,29,615",52.80%,17.90%,42.30%,13.49%,"6,30,97,818"
Turkmenistan,13,72.00%,"4,88,100","42,000",23.83,"70,630",,,2.79,8.80%,$0.29 ,"$40,761,142,857 ",88.40%,8.00%,39.3,68.1,7,$0.88 ,71.10%,2.22,"59,42,089",64.50%,,,3.91%,"30,92,738"
Tuvalu,393,60.00%,26,,,11,,,,33.30%,,"$47,271,463 ",86.00%,,20.6,,,,0.70%,0.92,"11,646",,,,,"7,362"
Uganda,229,71.90%,"2,41,038","46,000",38.14,"5,680",173.87,2.90%,4.96,9.70%,$0.94 ,"$34,387,229,486 ",102.70%,4.80%,33.8,63,375,$0.01 ,40.50%,0.17,"4,42,69,594",70.30%,11.70%,33.70%,1.84%,"1,07,84,516"
Ukraine,75,71.70%,"6,03,550","2,97,000",8.7,"2,02,250",281.66,7.90%,1.3,16.70%,$0.83 ,"$153,781,069,118 ",99.00%,82.70%,7.5,71.6,19,$0.84 ,47.80%,2.99,"4,43,85,155",54.20%,20.10%,45.20%,8.88%,"3,08,35,699"
United Arab Emirates,118,5.50%,"83,600","63,000",10.33,"2,06,324",114.52,-1.90%,1.41,4.60%,$0.49 ,"$421,142,267,938 ",108.40%,36.80%,6.5,77.8,3,,17.80%,2.53,"97,70,529",82.10%,0.10%,15.90%,2.35%,"84,79,744"
United Kingdom,281,71.70%,"2,43,610","1,48,000",11,"3,79,025",119.62,1.70%,1.68,13.10%,$1.46 ,"$2,827,113,184,696 ",101.20%,60.00%,3.6,81.3,7,$10.13 ,14.80%,2.81,"6,68,34,405",62.80%,25.50%,30.60%,3.85%,"5,59,08,316"
United States,36,44.40%,"98,33,517","13,59,000",11.6,"50,06,302",117.24,7.50%,1.73,33.90%,$0.71 ,"$21,427,700,000,000 ",101.80%,88.20%,5.6,78.5,19,$7.25 ,11.10%,2.61,"32,82,39,523",62.00%,9.60%,36.60%,14.70%,"27,06,63,028"
Uruguay,20,82.60%,"1,76,215","22,000",13.86,"6,766",202.92,7.90%,1.97,10.70%,$1.50 ,"$56,045,912,952 ",108.50%,63.10%,6.4,77.8,17,$1.66 ,16.20%,5.05,"34,61,734",64.00%,20.10%,41.80%,8.73%,"33,03,394"
Uzbekistan,79,62.90%,"4,47,400","68,000",23.3,"91,811",,,2.42,7.50%,$1.03 ,"$57,921,286,440 ",104.20%,10.10%,19.1,71.6,29,$0.24 ,42.70%,2.37,"3,35,80,650",65.10%,14.80%,31.60%,5.92%,"1,69,35,729"
Vanuatu,25,15.30%,"12,189",,29.6,147,117.13,2.80%,3.78,36.10%,$1.31 ,"$917,058,851 ",109.30%,4.70%,22.3,70.3,72,$1.56 ,8.90%,0.17,"2,99,882",69.90%,17.80%,8.50%,4.39%,"76,152"
Venezuela,32,24.50%,"9,12,050","3,43,000",17.88,"1,64,175","2,740.27",254.90%,2.27,52.70%,$0.00 ,"$482,359,318,768 ",97.20%,79.30%,21.4,72.1,125,$0.01 ,45.80%,1.92,"2,85,15,829",59.70%,,73.30%,8.80%,"2,51,62,368"
Vietnam,314,39.30%,"3,31,210","5,22,000",16.75,"1,92,668",163.52,2.80%,2.05,48.10%,$0.80 ,"$261,921,244,843 ",110.60%,28.50%,16.5,75.3,43,$0.73 ,43.50%,0.82,"9,64,62,106",77.40%,19.10%,37.60%,2.01%,"3,53,32,140"
Yemen,56,44.60%,"5,27,968","40,000",30.45,"10,609",157.58,8.10%,3.79,1.00%,$0.92 ,"$26,914,402,224 ",93.60%,10.20%,42.9,66.1,164,,81.00%,0.31,"2,91,61,922",38.00%,,26.60%,12.91%,"1,08,69,523"
Zambia,25,32.10%,"7,52,618","16,000",36.19,"5,141",212.31,9.20%,4.63,65.20%,$1.40 ,"$23,064,722,446 ",98.70%,4.10%,40.4,63.5,213,$0.24 ,27.50%,1.19,"1,78,61,030",74.60%,16.20%,15.60%,11.43%,"78,71,713"
Zimbabwe,38,41.90%,"3,90,757","51,000",30.68,"10,983",105.51,0.90%,3.62,35.50%,$1.34 ,"$21,440,758,800 ",109.90%,10.00%,33.9,61.2,458,,25.80%,0.21,"1,46,45,468",83.10%,20.70%,31.60%,4.95%,"47,17,305"
